{"cameraMode":{"drawMode":0,"name":"Shaded","section":"Shading Mode"},"sceneLighting":false,"audioPlay":false,"sceneViewState":{"showFog":true,"showMaterialUpdate":false,"showSkybox":false,"showFlares":true,"showImageEffects":true,"showParticleSystems":true},"in2DMode":false,"pivot":{"x":-0.4390502870082855,"y":0.9585201144218445,"z":-0.013463377952575684},"rotation":{"x":0.021248487755656244,"y":0.977293848991394,"z":-0.17361095547676087,"w":0.11962687969207764},"size":1.4219212532043458,"orthographic":false}