{"cameraMode":{"drawMode":0,"name":"Shaded","section":"Shading Mode"},"sceneLighting":false,"audioPlay":false,"sceneViewState":{"showFog":true,"showMaterialUpdate":false,"showSkybox":true,"showFlares":true,"showImageEffects":true,"showParticleSystems":true},"in2DMode":false,"pivot":{"x":-3.7443718910217287,"y":-0.841278076171875,"z":-5.425911903381348},"rotation":{"x":0.5509169697761536,"y":0.14423872530460359,"z":-0.09734578430652619,"w":0.8162267804145813},"size":35.636558532714847,"orthographic":false}