{"cameraMode":{"drawMode":0,"name":"Shaded","section":"Shading Mode"},"sceneLighting":false,"audioPlay":false,"sceneViewState":{"showFog":true,"showMaterialUpdate":false,"showSkybox":false,"showFlares":true,"showImageEffects":true,"showParticleSystems":true},"in2DMode":false,"pivot":{"x":-14.639372825622559,"y":6.500515937805176,"z":-13.212865829467774},"rotation":{"x":0.09304290264844895,"y":0.8987393975257874,"z":-0.3603241741657257,"w":0.23198240995407105},"size":4.348884582519531,"orthographic":false}