{"cameraMode":{"drawMode":0,"name":"Shaded","section":"Shading Mode"},"sceneLighting":false,"audioPlay":false,"sceneViewState":{"showFog":true,"showMaterialUpdate":false,"showSkybox":false,"showFlares":true,"showImageEffects":true,"showParticleSystems":true},"in2DMode":false,"pivot":{"x":1.0915290117263795,"y":12.686187744140625,"z":-3.819753646850586},"rotation":{"x":-0.14650335907936097,"y":0.307655930519104,"z":-0.04852854087948799,"w":-0.938920259475708},"size":5.557884693145752,"orthographic":false}