{"cameraMode":{"drawMode":0,"name":"Shaded","section":"Shading Mode"},"sceneLighting":false,"audioPlay":false,"sceneViewState":{"showFog":true,"showMaterialUpdate":false,"showSkybox":true,"showFlares":true,"showImageEffects":true,"showParticleSystems":true},"in2DMode":false,"pivot":{"x":19.21685028076172,"y":0.48114585876464846,"z":9.737698554992676},"rotation":{"x":0.27637743949890139,"y":0.5648095011711121,"z":-0.20761913061141969,"w":0.7493665814399719},"size":57.99800109863281,"orthographic":false}