{"cameraMode":{"drawMode":0,"name":"Shaded","section":"Shading Mode"},"sceneLighting":false,"audioPlay":false,"sceneViewState":{"showFog":true,"showMaterialUpdate":false,"showSkybox":false,"showFlares":true,"showImageEffects":true,"showParticleSystems":true},"in2DMode":false,"pivot":{"x":14.460000038146973,"y":4.190925598144531,"z":-14.0},"rotation":{"x":-0.04293033853173256,"y":0.9553279876708984,"z":-0.23263096809387208,"w":-0.17751768231391908},"size":11.603008270263672,"orthographic":false}