{"cameraMode":{"drawMode":0,"name":"Shaded","section":"Shading Mode"},"sceneLighting":false,"audioPlay":false,"sceneViewState":{"showFog":true,"showMaterialUpdate":false,"showSkybox":true,"showFlares":true,"showImageEffects":true,"showParticleSystems":true},"in2DMode":false,"pivot":{"x":13.53759765625,"y":0.5376279354095459,"z":-7.669511318206787},"rotation":{"x":-0.32798874378204348,"y":-0.13954444229602815,"z":0.048520203679800037,"w":-0.9330801963806152},"size":11.4008150100708,"orthographic":false}